{
  "version": "3,0",
  "fps": 30.0,
  "scene": {
    "timestamp": 4858.362,
    "actors": [
      {
        "name": "Ine",
        "color": [217, 119, 150],
        "meta": {
          "hasGloves": true,
          "hasLeftGlove": true,
          "hasRightGlove": true,
          "hasBody": false,
          "hasFace": false
        },
        "dimensions": { "totalHeight": 1.68, "hipHeight": 0.892203331 },
        "body": {
          "hip": {
            "position": {
              "x": 1.86264515e-8,
              "y": 0.892203331,
              "z": 0.0377382375
            },
            "rotation": { "x": 0.0, "y": 0.0, "z": 0.0, "w": 1.0 }
          },
          "spine": {
            "position": {
              "x": -2.76789365e-7,
              "y": 0.9727284,
              "z": 0.000262897462
            },
            "rotation": { "x": 0.0, "y": 0.0, "z": 1.0, "w": 6.123234e-17 }
          },
          "chest": {
            "position": {
              "x": 6.047247e-8,
              "y": 1.23856854,
              "z": 0.00026274455
            },
            "rotation": { "x": 0.0, "y": 0.0, "z": 1.0, "w": 6.123234e-17 }
          },
          "neck": {
            "position": {
              "x": 1.00147915e-7,
              "y": 1.43092108,
              "z": 0.000262349815
            },
            "rotation": { "x": 0.0, "y": 0.0, "z": 1.0, "w": 6.123234e-17 }
          },
          "head": {
            "position": {
              "x": 2.08146531e-7,
              "y": 1.53518164,
              "z": 0.0002623813
            },
            "rotation": { "x": 0.0, "y": 0.0, "z": 1.0, "w": 6.123234e-17 }
          },
          "leftShoulder": {
            "position": {
              "x": -0.06682101,
              "y": 1.35663259,
              "z": 0.0184361078
            },
            "rotation": {
              "x": -0.09229595,
              "y": 0.09229595,
              "z": 0.7010574,
              "w": -0.7010574
            }
          },
          "leftUpperArm": {
            "position": {
              "x": -0.1902231,
              "y": 1.35663271,
              "z": -0.0146293826
            },
            "rotation": {
              "x": -0.2303634,
              "y": 0.685833752,
              "z": -0.07872032,
              "w": 0.685833752
            }
          },
          "leftLowerArm": {
            "position": { "x": -0.138694152, "y": 1.13826656, "z": 0.0903987 },
            "rotation": {
              "x": -0.32784453,
              "y": 0.5347643,
              "z": -0.7467712,
              "w": -0.221083641
            }
          },
          "leftHand": {
            "position": { "x": 0.04702939, "y": 1.22836781, "z": 0.268728763 },
            "rotation": {
              "x": -0.319758654,
              "y": 0.521312237,
              "z": -0.713193834,
              "w": -0.342553437
            }
          },
          "rightShoulder": {
            "position": { "x": 0.0668211654, "y": 1.35663259, "z": 0.01843598 },
            "rotation": {
              "x": 0.09229595,
              "y": 0.09229595,
              "z": 0.7010574,
              "w": 0.7010574
            }
          },
          "rightUpperArm": {
            "position": {
              "x": 0.190223292,
              "y": 1.35663271,
              "z": -0.0146294106
            },
            "rotation": {
              "x": 0.00558125973,
              "y": -0.706115842,
              "z": 0.0526271164,
              "w": 0.706115842
            }
          },
          "rightLowerArm": {
            "position": {
              "x": 0.210587114,
              "y": 1.11029077,
              "z": 0.00182974525
            },
            "rotation": {
              "x": -0.378678262,
              "y": 0.624801934,
              "z": -0.240725309,
              "w": -0.6389653
            }
          },
          "rightHand": {
            "position": {
              "x": 0.423586726,
              "y": 0.9473524,
              "z": -0.0481217057
            },
            "rotation": {
              "x": -0.6377935,
              "y": 0.36977762,
              "z": -0.392460465,
              "w": -0.5499627
            }
          },
          "leftUpLeg": {
            "position": {
              "x": -0.07688135,
              "y": 0.892203331,
              "z": 0.0377382375
            },
            "rotation": {
              "x": -0.00617059227,
              "y": 0.7070798,
              "z": 0.00617059227,
              "w": 0.7070798
            }
          },
          "leftLeg": {
            "position": {
              "x": -0.06972515,
              "y": 0.482231915,
              "z": 0.0377384052
            },
            "rotation": {
              "x": 0.02467767,
              "y": 0.706676,
              "z": 0.03700711,
              "w": 0.706137657
            }
          },
          "leftFoot": {
            "position": { "x": -0.06317357, "y": 0.07286516, "z": 0.001919046 },
            "rotation": {
              "x": 0.0308436155,
              "y": 0.7064338,
              "z": -0.7064338,
              "w": 0.0308435261
            }
          },
          "leftToe": {
            "position": {
              "x": -0.07406767,
              "y": 0.0136434063,
              "z": 0.126441091
            },
            "rotation": {
              "x": 0.0308435485,
              "y": 0.7064339,
              "z": -0.706433654,
              "w": 0.0308435969
            }
          },
          "leftToeEnd": {
            "position": {
              "x": -0.07406767,
              "y": 0.0136434063,
              "z": 0.126441091
            },
            "rotation": {
              "x": 0.0308435485,
              "y": 0.7064339,
              "z": -0.706433654,
              "w": 0.0308435969
            }
          },
          "rightUpLeg": {
            "position": {
              "x": 0.07688138,
              "y": 0.892203331,
              "z": 0.0377382338
            },
            "rotation": {
              "x": -0.00617059227,
              "y": -0.7070798,
              "z": -0.00617059227,
              "w": 0.7070798
            }
          },
          "rightLeg": {
            "position": {
              "x": 0.06972526,
              "y": 0.482231975,
              "z": 0.0377383977
            },
            "rotation": {
              "x": 0.02467767,
              "y": -0.706676,
              "z": -0.03700711,
              "w": 0.706137657
            }
          },
          "rightFoot": {
            "position": {
              "x": 0.06317357,
              "y": 0.07286525,
              "z": 0.00191898644
            },
            "rotation": {
              "x": -0.0308436155,
              "y": 0.7064338,
              "z": -0.7064338,
              "w": -0.0308435261
            }
          },
          "rightToe": {
            "position": { "x": 0.0740678, "y": 0.0136435293, "z": 0.126441032 },
            "rotation": {
              "x": -0.0308436155,
              "y": 0.7064338,
              "z": -0.7064338,
              "w": -0.0308435261
            }
          },
          "rightToeEnd": {
            "position": { "x": 0.0740678, "y": 0.0136435293, "z": 0.126441032 },
            "rotation": {
              "x": -0.0308436155,
              "y": 0.7064338,
              "z": -0.7064338,
              "w": -0.0308435261
            }
          },
          "leftThumbProximal": {
            "position": { "x": 0.07844107, "y": 1.22769213, "z": 0.257726461 },
            "rotation": {
              "x": -0.8229263,
              "y": 0.273674846,
              "z": 0.1217263,
              "w": 0.4827806
            }
          },
          "leftThumbMedial": {
            "position": { "x": 0.09997885, "y": 1.24225593, "z": 0.285331726 },
            "rotation": {
              "x": -0.740765,
              "y": 0.233787239,
              "z": 0.0512697473,