{
  "version": 3.0,
  "fps": 30.0,
  "scene": {
    "timestamp": 1318.62476,
    "actors": [
      {
        "name": "Imane",
        "color": [128, 128, 128],
        "meta": {
          "hasGloves": false,
          "hasLeftGlove": false,
          "hasRightGlove": false,
          "hasBody": true,
          "hasFace": false
        },
        "dimensions": { "totalHeight": 1.65, "hipHeight": 0.87627 },
        "body": {
          "hip": {
            "position": { "x": -0.04651, "y": 0.99455, "z": 0.01236 },
            "rotation": {
              "x": 0.05316,
              "y": -0.05474,
              "z": -0.30476,
              "w": 0.94937
            }
          },
          "spine": {
            "position": { "x": 0.00382, "y": 1.06099, "z": -0.01339 },
            "rotation": {
              "x": -0.3835,
              "y": 0.14743,
              "z": 0.77542,
              "w": 0.4795
            }
          },
          "chest": {
            "position": { "x": 0.1251, "y": 1.1313, "z": 0.00631 },
            "rotation": {
              "x": 0.63206,
              "y": -0.3172,
              "z": -0.43932,
              "w": -0.55396
            }
          },
          "neck": {
            "position": { "x": 0.39891, "y": 1.18837, "z": 0.13634 },
            "rotation": {
              "x": 0.1911,
              "y": -0.42183,
              "z": 0.07241,
              "w": -0.88334
            }
          },
          "head": {
            "position": { "x": 0.40215, "y": 1.09907, "z": 0.17518 },
            "rotation": {
              "x": 0.3599,
              "y": 0.28359,
              "z": -0.54245,
              "w": 0.70413
            }
          },
          "leftShoulder": {
            "position": { "x": 0.35759, "y": 1.19797, "z": 0.04606 },
            "rotation": {
              "x": -0.22859,
              "y": -0.80005,
              "z": -0.47775,
              "w": -0.2818
            }
          },
          "leftUpperArm": {
            "position": { "x": 0.34534, "y": 1.14224, "z": -0.06734 },
            "rotation": {
              "x": 0.16997,
              "y": 0.6595,
              "z": 0.47226,
              "w": -0.55959
            }
          },
          "leftLowerArm": {
            "position": { "x": 0.16219, "y": 1.02153, "z": -0.17262 },
            "rotation": {
              "x": -0.32621,
              "y": 0.09247,
              "z": 0.6252,
              "w": -0.70296
            }
          },
          "leftHand": {
            "position": { "x": -0.05714, "y": 1.02007, "z": -0.32646 },
            "rotation": { "x": 0.0, "y": 0.0, "z": 0.0, "w": -1.0 }
          },
          "rightShoulder": {
            "position": { "x": 0.30341, "y": 1.18672, "z": 0.16508 },
            "rotation": {
              "x": 0.46227,
              "y": 0.1775,
              "z": 0.35585,
              "w": -0.79257
            }
          },
          "rightUpperArm": {
            "position": { "x": 0.21097, "y": 1.14618, "z": 0.24207 },
            "rotation": {
              "x": 0.64224,
              "y": 0.52808,
              "z": -0.16365,
              "w": 0.53092
            }
          },
          "rightLowerArm": {
            "position": { "x": 0.00365, "y": 1.11661, "z": 0.1182 },
            "rotation": {
              "x": 0.42518,
              "y": 0.45688,
              "z": -0.28781,
              "w": 0.72639
            }
          },
          "rightHand": {
            "position": { "x": -0.21246, "y": 0.98995, "z": 0.02317 },
            "rotation": { "x": 0.0, "y": 0.0, "z": 0.0, "w": 1.0 }
          },
          "leftUpLeg": {
            "position": { "x": -0.10753, "y": 1.03869, "z": 0.00696 },
            "rotation": { "x": 0.4787, "y": 0.70192, "z": 0.50968, "w": 0.1356 }
          },
          "leftLeg": {
            "position": { "x": -0.3225, "y": 1.02976, "z": -0.33346 },
            "rotation": {
              "x": -0.04241,
              "y": 0.8793,
              "z": 0.0585,
              "w": -0.47076
            }
          },
          "leftFoot": {
            "position": { "x": -0.31414, "y": 0.6303, "z": -0.39078 },
            "rotation": {
              "x": 0.39181,
              "y": 0.56991,
              "z": 0.50934,
              "w": -0.51212
            }
          },
          "leftToe": {
            "position": { "x": -0.44358, "y": 0.66598, "z": -0.41024 },
            "rotation": {
              "x": 0.47389,
              "y": 0.47403,
              "z": 0.59959,
              "w": -0.43727
            }
          },
          "leftToeEnd": {
            "position": { "x": -0.50927, "y": 0.68914, "z": -0.41972 },
            "rotation": {
              "x": 0.47389,
              "y": 0.47403,
              "z": 0.59959,
              "w": -0.43727
            }
          },
          "rightUpLeg": {
            "position": { "x": 0.01452, "y": 0.95042, "z": 0.01777 },
            "rotation": {
              "x": 0.03073,
              "y": 0.51009,
              "z": -0.53659,
              "w": 0.67152
            }
          },
          "rightLeg": {
            "position": { "x": -0.28832, "y": 0.78037, "z": 0.2216 },
            "rotation": {
              "x": 0.02164,
              "y": 0.62776,
              "z": 0.11534,
              "w": 0.76951
            }
          },
          "rightFoot": {
            "position": { "x": -0.2282, "y": 0.38778, "z": 0.14958 },
            "rotation": {
              "x": -0.67853,
              "y": 0.02746,
              "z": 0.06879,
              "w": -0.73083
            }
          },
          "rightToe": {
            "position": { "x": -0.24371, "y": 0.32184, "z": 0.03203 },
            "rotation": {
              "x": -0.68362,
              "y": 0.02794,
              "z": 0.0686,
              "w": -0.72607
            }
          },
          "rightToeEnd": {
            "position": { "x": -0.24954, "y": 0.30639, "z": -0.0363 },
            "rotation": {
              "x": -0.68362,
              "y": 0.02794,
              "z": 0.0686,
              "w": -0.72607
            }
          },
          "leftThumbProximal": {
            "position": { "x": -0.08346, "y": 1.00044, "z": -0.32549 },
            "rotation": {
              "x": -0.09904,
              "y": -0.36964,
              "z": 0.23912,
              "w": -0.8924
            }
          },
          "leftThumbMedial": {
            "position": { "x": -0.10208, "y": 0.96818, "z": -0.32549 },
            "rotation": { "x": 0.0, "y": -0.38268, "z": 0.0, "w": -0.92388 }
          },
          "leftThumbDistal": {
            "position": { "x": -0.10208, "y": 0.93991, "z": -0.32549 },
            "rotation": { "x": 0.0, "y": -0.38268, "z": 0.0, "w": -0.92388 }
          },
          "leftThumbTip": {
            "position": { "x": -0.10208, "y": 0.90762, "z": -0.32549 },
            "rotation": { "x": 0.0, "y": -0.38268, "z": 0.0, "w": -0.92388 }
          },
          "leftIndexProximal": {
            "position": { "x": -0.08129, "y": 0.94406, "z": -0.32549 },
            "rotation": { "x": 0.0, "y": 0.0, "z": 0.0, "w": -1.0 }
          },
          "leftIndexMedial": {
            "position": { "x": -0.08129, "y": 0.90033, "z": -0.32549 },
            "rotation": { "x": 0.0, "y": 0.0, "z": 0.0, "w": -1.0 }
          },
          "leftIndexDistal": {
            "position": { "x": -0.08129, "y": 0.87343, "z": -0.32549 },
            "rotation": { "x": 0.0, "y": 0.0, "z": 0.0, "w": -1.0 }
          },
          "leftIndexTip": {
            "position": { "x": -0.08129, "y": 0.84707, "z": -0.32549 },
            "rotation": { "x": 0.0, "y": 0.0, "z": 0.0, "w": -1.0 }
          },
          "leftMiddleProximal": {
            "position": { "x": -0.06229, "y": 0.94321, "z": -0.32549 },
            "rotation": { "x": 0.0, "y": 0.0, "z": 0.0, "w": -1.0 }
          },